{
  "expected_value_class0": 0.4956357388316154,
  "expected_value_class1": 0.5043642611683848
}