{
  "expected_value_class0": 0.4956357388316153,
  "expected_value_class1": 0.5043642611683848
}