{
  "Age (yrs)": 31.416666666666668,
  "Weight (Kg)": 59.41412037037038,
  "Height(Cm)": 156.37632407407406,
  "BMI": 24.25062941196759,
  "Cycle(R/I)": 2.576388888888889,
  "Cycle length(days)": 4.956018518518518,
  "Weight gain(Y/N)": 0.3587962962962963,
  "hair growth(Y/N)": 0.26851851851851855,
  "Skin darkening (Y/N)": 0.30787037037037035,
  "Hair loss(Y/N)": 0.4675925925925926,
  "Pimples(Y/N)": 0.49074074074074076,
  "Fast food (Y/N)": 0.5185185185185185,
  "Reg.Exercise(Y/N)": 0.24305555555555555,
  "Marraige Status (Yrs)": 7.725,
  "Pregnant(Y/N)": 0.36342592592592593,
  "No. of aborptions": 0.2777777777777778,
  "FSH(mIU/mL)": 17.0520625,
  "LH(mIU/mL)": 2.7424212962962966,
  "FSH/LH": 7.650599836358797,
  "AMH(ng/mL)": 5.730655092592593,
  "TSH (mIU/L)": 3.0709907407407404,
  "Follicle No. (L)": 6.0717592592592595,
  "Follicle No. (R)": 6.513888888888889,
  "Avg. F size (L) (mm)": 14.9625,
  "Avg. F size (R) (mm)": 15.417523148148147,
  "Endometrium (mm)": 8.491712962962962,
  "PRL(ng/mL)": 23.578310185185185,
  "Vit D3 (ng/mL)": 55.534124999999996,
  "PRG(ng/mL)": 0.47199305555555554,
  "Hb(g/dl)": 11.172407407407407,
  "RBS(mg/dl)": 99.46342592592592,
  "Blood Group": 13.79861111111111,
  "Pulse rate(bpm)": 73.18518518518519,
  "RR (breaths/min)": 19.256944444444443,
  "Hip(inch)": 37.995370370370374,
  "Waist(inch)": 33.791666666666664,
  "Waist:Hip Ratio": 0.8905025136412037,
  "BP _Systolic (mmHg)": 114.68055555555556,
  "BP _Diastolic (mmHg)": 76.77777777777777
}